Student_ID,Name,Department,Maths,Physics,Chemistry,Attendance
201,Naveen,ML,98,96,99,89
202,Nithin,ME,87,95,76,86
203,Aryan,ES,86,93,95,98
204,Abhinav,CH,95,56,84,98
205,Rajesh,ME,94,94,63,76
206,Krishna,BT,76,36,95,85
207,Vishakha,AY,56,84,25,97
208,Bhumai,AY,54,93,85,76
209,Glory,ML,39,49,95,98
210,Sahil,ML,50,84,45,67
211,Hitarth,ML,79,83,87,98
212,Parth,ML,87,83,56,76
213,Jaywal,ML,56,36,97,98
214,Bhanu,ML,97,94,46,67
215,Ayyub,CS,65,94,76,97
216,Yamuna,CS,95,73,89,76
217,Kalpana,HU,74,97,64,98
218,Radhashyam,AR,76,34,87,76
219,Thrilok,CS,86,44,56,83
220,Nemil,CS,94,44,87,97
